id,username,profile_image_url,following
1041760508397936640,drak0z1,https://pbs.twimg.com/profile_images/1138650474192801792/6IRVXE8l_400x400.jpg,78
1041760508397936640,drak0z1,https://pbs.twimg.com/profile_images/1138650474192801792/6IRVXE8l_400x400.jpg,78
1040415465078546432,SlideJPN,https://pbs.twimg.com/profile_images/1040417353207443456/vequoPlq_400x400.jpg,0
1059611711089577984,jovemzain,https://pbs.twimg.com/profile_images/1135303718994358273/rHlZbbc4_400x400.jpg,627
1040415465078546432,SlideJPN,https://pbs.twimg.com/profile_images/1040417353207443456/vequoPlq_400x400.jpg,0
1053058640670834688,imagenscomsom,https://pbs.twimg.com/profile_images/1061244946890588161/98H0-smB_400x400.jpg,7
1104858845141188608,Luizinhx1,https://pbs.twimg.com/profile_images/1140454817275555841/WOLZVScA_400x400.jpg,423
77083718,VevisPereira,https://pbs.twimg.com/profile_images/1134194865829535749/BMv0uFo4_400x400.jpg,370
1130881530518298628,bcf_raff,https://pbs.twimg.com/profile_images/1130882610689912832/aCLzIn0i_400x400.jpg,24
77083718,VevisPereira,https://pbs.twimg.com/profile_images/1134194865829535749/BMv0uFo4_400x400.jpg,370
1130881530518298628,bcf_raff,https://pbs.twimg.com/profile_images/1130882610689912832/aCLzIn0i_400x400.jpg,24
751454653011951616,TheInterceptBr,https://pbs.twimg.com/profile_images/1108060545733849089/_1I2tN-F_400x400.png,323
713092759335342081,Djrogerinhooo1,https://pbs.twimg.com/profile_images/1086052453408276480/-isakyDe_400x400.jpg,256
713092759335342081,Djrogerinhooo1,https://pbs.twimg.com/profile_images/1086052453408276480/-isakyDe_400x400.jpg,256
4865219999,hoffmxn,https://pbs.twimg.com/profile_images/1135361774293831681/VFP2rcO5_400x400.jpg,45
157466610,JogzzBeats,https://pbs.twimg.com/profile_images/1120510530999943169/fXKLN-8D_400x400.jpg,990
157466610,JogzzBeats,https://pbs.twimg.com/profile_images/1120510530999943169/fXKLN-8D_400x400.jpg,990
58263423,higorguilherm95,https://pbs.twimg.com/profile_images/1120595080715304960/HS1BA-a__400x400.jpg,636
1131604147885760512,LilWhind,https://pbs.twimg.com/profile_images/1131604322339426304/YamKMU8e_400x400.jpg,0
1102066026328571904,maducoutto,https://pbs.twimg.com/profile_images/1138952463007059968/EGkge7UU_400x400.jpg,294
1583605075,ppodiniz,https://pbs.twimg.com/profile_images/1133517041745444872/bs1kLYAd_400x400.jpg,170
1102066026328571904,maducoutto,https://pbs.twimg.com/profile_images/1138952463007059968/EGkge7UU_400x400.jpg,294
1583605075,ppodiniz,https://pbs.twimg.com/profile_images/1133517041745444872/bs1kLYAd_400x400.jpg,170
109622268,rinconsapiencia,https://pbs.twimg.com/profile_images/1062471520864423938/0-PRLYa1_400x400.jpg,662
109622268,rinconsapiencia,https://pbs.twimg.com/profile_images/1062471520864423938/0-PRLYa1_400x400.jpg,662
466488789,anndqg,https://pbs.twimg.com/profile_images/1138259827510194177/B4fkUTpS_400x400.jpg,4434
1130582159130005504,pedrolemosh,https://pbs.twimg.com/profile_images/1135685241052520448/s8BavQO7_400x400.png,124
1130582159130005504,pedrolemosh,https://pbs.twimg.com/profile_images/1135685241052520448/s8BavQO7_400x400.png,124
1046163660786343937,baddiebony,https://pbs.twimg.com/profile_images/1140010777451085824/1KR8w7Hm_400x400.jpg,373
1046163660786343937,baddiebony,https://pbs.twimg.com/profile_images/1140010777451085824/1KR8w7Hm_400x400.jpg,373
4915873342,sosprj,https://pbs.twimg.com/profile_images/1141466310444036096/0XFYbk7L_400x400.jpg,321
4915873342,sosprj,https://pbs.twimg.com/profile_images/1141466310444036096/0XFYbk7L_400x400.jpg,321
991325352449409026,McNegaodabl,https://pbs.twimg.com/profile_images/1112339238060781568/yizg0Mc__400x400.jpg,357
991325352449409026,McNegaodabl,https://pbs.twimg.com/profile_images/1112339238060781568/yizg0Mc__400x400.jpg,357
4206492575,blackmirror,https://pbs.twimg.com/profile_images/1136167199960424448/C15r7jNe_400x400.png,44
4206492575,blackmirror,https://pbs.twimg.com/profile_images/1136167199960424448/C15r7jNe_400x400.png,44
754006735468261376,LilNasX,https://pbs.twimg.com/profile_images/1112033582569136128/0vZG4q0Y_400x400.jpg,722
754006735468261376,LilNasX,https://pbs.twimg.com/profile_images/1112033582569136128/0vZG4q0Y_400x400.jpg,722
19834403,NYCMayor,https://pbs.twimg.com/profile_images/1091318907527405568/nYTeUNgU_400x400.jpg,1382
989267005407748096,carolynelobo_,https://pbs.twimg.com/profile_images/1137788047251202048/pUS0WNCl_400x400.jpg,232
989267005407748096,carolynelobo_,https://pbs.twimg.com/profile_images/1137788047251202048/pUS0WNCl_400x400.jpg,232
1070249291191631872,isabella_gdsc,https://pbs.twimg.com/profile_images/1119988630263611397/IhIlRiKc_400x400.jpg,509
40053694,FlavioBolsonaro,https://pbs.twimg.com/profile_images/1095444472425603072/VihzUPe__400x400.jpg,1205
1070249291191631872,isabella_gdsc,https://pbs.twimg.com/profile_images/1119988630263611397/IhIlRiKc_400x400.jpg,509
40053694,FlavioBolsonaro,https://pbs.twimg.com/profile_images/1095444472425603072/VihzUPe__400x400.jpg,1205
74756085,BolsonaroSP,https://pbs.twimg.com/profile_images/1111467974379163648/e_alzPOR_400x400.jpg,514
966405305809633280,_AKINNONNIKA_,https://pbs.twimg.com/profile_images/1141344029537423360/pYaj7u-Q_400x400.jpg,105
68712576,CarlosBolsonaro,https://pbs.twimg.com/profile_images/1034436712154517504/7c6QwrWY_400x400.jpg,430
74756085,BolsonaroSP,https://pbs.twimg.com/profile_images/1111467974379163648/e_alzPOR_400x400.jpg,514
77300866,cacatsaraiva,https://pbs.twimg.com/profile_images/1131857116132708353/ujnyAjAS_400x400.jpg,571
8174292,ronaldrios,https://pbs.twimg.com/profile_images/1133181994685337600/q9lgLZl2_400x400.jpg,1340
966405305809633280,_AKINNONNIKA_,https://pbs.twimg.com/profile_images/1141344029537423360/pYaj7u-Q_400x400.jpg,105
1113120590955773952,mclan,https://pbs.twimg.com/profile_images/1113906196757532685/YVANv0bU_400x400.png,0
939349561763606529,agdageovanna6,https://pbs.twimg.com/profile_images/1135340611614248960/kF8YDomq_400x400.jpg,652
8174292,ronaldrios,https://pbs.twimg.com/profile_images/1133181994685337600/q9lgLZl2_400x400.jpg,1340
1027572940177645568,faustaofashion,https://pbs.twimg.com/profile_images/1120304320564559872/LLNWj7Vf_400x400.jpg,0
1111446755525230592,mccaverinhareal,https://pbs.twimg.com/profile_images/1127757236896444417/ShGrYNzv_400x400.jpg,5
1111446755525230592,mccaverinhareal,https://pbs.twimg.com/profile_images/1127757236896444417/ShGrYNzv_400x400.jpg,5
942511689580367872,UROCHl,https://pbs.twimg.com/profile_images/1133450492309311488/GS0fJzc8_400x400.jpg,688
1104582754652557312,beldamoda,https://pbs.twimg.com/profile_images/1130894809571446785/_Y7Y66WO_400x400.jpg,157
1070370623082414080,Mcrebeccaofc,https://pbs.twimg.com/profile_images/1113441410638864385/v3A1opD5_400x400.jpg,478
942511689580367872,UROCHl,https://pbs.twimg.com/profile_images/1133450492309311488/GS0fJzc8_400x400.jpg,688
1070370623082414080,Mcrebeccaofc,https://pbs.twimg.com/profile_images/1113441410638864385/v3A1opD5_400x400.jpg,478
925392913797996544,boonbap,https://pbs.twimg.com/profile_images/1117127005311569921/kLu8H-6d_400x400.jpg,363
981694628557672448,_aadrielle,https://pbs.twimg.com/profile_images/1140813788997980160/7MGKHmzM_400x400.jpg,533
2784086249,aninhagon1,https://pbs.twimg.com/profile_images/1140282632867106816/zM_HfpvZ_400x400.jpg,1287
20822059,SEVNTHOMAS,https://pbs.twimg.com/profile_images/1103419661402570752/Fc4pclyD_400x400.jpg,686
18381396,TopDawgEnt,https://pbs.twimg.com/profile_images/1118938044839550976/oOjhwUd0_400x400.jpg,16345
77527468,jessicamrs,https://pbs.twimg.com/profile_images/1133867948400173057/PhTqnDPV_400x400.jpg,258
748248631728279552,LuizLinsPESQD,https://pbs.twimg.com/profile_images/1062078732238757891/VUx4brN8_400x400.jpg,21
334920245,NyviEstephan,https://pbs.twimg.com/profile_images/1059949971619897344/Idj1h8uH_400x400.jpg,1067
2353756783,canalumdois,https://pbs.twimg.com/profile_images/738928001207898113/6jHvwzjG_400x400.jpg,299
33405092,leoniomatos,https://pbs.twimg.com/profile_images/1111648165990666240/ZvmD1TzK_400x400.jpg,295
2964059973,imneithan,https://pbs.twimg.com/profile_images/1128440434890616832/ryeeTYa5_400x400.jpg,361
752522179502280704,jessioficiall,https://pbs.twimg.com/profile_images/1035868439800426497/708DKpOK_400x400.jpg,696
973976753378119681,ssouzza1,https://pbs.twimg.com/profile_images/1140236510685478913/Vz9MHE2t_400x400.jpg,594
3239629186,ZarbielliOff,https://pbs.twimg.com/profile_images/1012739043069693952/5XwpXg6J_400x400.jpg,184
225974588,ecologyk_,https://pbs.twimg.com/profile_images/1139311649465257984/EhB1FaPf_400x400.jpg,199
242057160,lyviacabrl,https://pbs.twimg.com/profile_images/1140696845070536704/pvV86OT5_400x400.jpg,155
26027481,Jeremih,https://pbs.twimg.com/profile_images/1054410127158272001/WqazoB9X_400x400.jpg,795
63796828,verified,https://pbs.twimg.com/profile_images/968232588958560256/IfOqS8l2_400x400.jpg,325332
83207164,FARIAPERICLES,https://pbs.twimg.com/profile_images/1111695659332182016/pGkm2OlI_400x400.jpg,652
2921763658,MariliaMReal,https://pbs.twimg.com/profile_images/1074103504053116928/4bxrTdeb_400x400.jpg,518
157140968,KendallJenner,https://pbs.twimg.com/profile_images/1134195365186396160/uueiEF3X_400x400.jpg,135
255388236,theweeknd,https://pbs.twimg.com/profile_images/1110137717013139456/TMus7twm_400x400.jpg,2
72073289,Genius,https://pbs.twimg.com/profile_images/885222003174551552/cv3KtGVS_400x400.jpg,1905
78925749,TM88,https://pbs.twimg.com/profile_images/1063547253816606721/s77XKkeq_400x400.jpg,2056
60196150,alextumay,https://pbs.twimg.com/profile_images/998991841738473472/IMdapDOs_400x400.jpg,1364
893304937106505728,fahelmeliga,https://pbs.twimg.com/profile_images/1085362262611767297/9QxCGGrJ_400x400.jpg,84
54709896,mascari_,https://pbs.twimg.com/profile_images/1136063798228520962/eby7jqt4_400x400.jpg,1200
915578323207688195,mscerradas,https://abs.twimg.com/sticky/default_profile_images/default_profile_400x400.png,0
60807469,walmyrcarvalho,https://pbs.twimg.com/profile_images/1103594897569914882/ttkh0AkZ_400x400.jpg,720
279390084,YourAnonNews,https://pbs.twimg.com/profile_images/1080129252069122049/KHzL8Frl_400x400.jpg,881
494027712,ROLEX,https://pbs.twimg.com/profile_images/1070337286338940929/2F7gZ9Cr_400x400.jpg,230
1013951271655522304,interexplorer2,https://pbs.twimg.com/profile_images/1118251296153382912/yRhmygaD_400x400.jpg,86
1069628685387481088,enric0card0s0,https://pbs.twimg.com/profile_images/1069629865471688709/bEuQfFu7_400x400.jpg,273
207923746,Timbaland,https://pbs.twimg.com/profile_images/876887850708422657/YEWO_hP7_400x400.jpg,339
1075355539650109440,WillsBife,https://pbs.twimg.com/profile_images/1138720067976347648/6kgWBiZJ_400x400.jpg,21
2612280833,NovinYarp,https://pbs.twimg.com/profile_images/1138299458364628992/6LE26efR_400x400.jpg,669
144327427,lucascaverildo,https://pbs.twimg.com/profile_images/655084647051874304/6K6iWGn2_400x400.jpg,318
78473551,Marcelodedois,https://pbs.twimg.com/profile_images/1040692366611496961/66qV-6fl_400x400.jpg,391
56501733,kaiooliveiras,https://pbs.twimg.com/profile_images/1133726257462554624/vmsspINk_400x400.png,23
990686446167166979,prodnagalli,https://pbs.twimg.com/profile_images/1130741685321895936/z3bbO9Uj_400x400.jpg,190
76131466,brysontiller,https://pbs.twimg.com/profile_images/1055311373410811904/WfrU-uad_400x400.jpg,432
47767736,papatinho,https://pbs.twimg.com/profile_images/1036734285091405827/ATTjt29E_400x400.jpg,96
1052011819953545217,bruna_hartz,https://pbs.twimg.com/profile_images/1139647692689350658/dWr_aGfd_400x400.jpg,86
999465374579150848,mjuliapaes,https://pbs.twimg.com/profile_images/1137895368514048001/PAI4zja2_400x400.jpg,284
71664844,ELHAE,https://pbs.twimg.com/profile_images/1139685598204063744/aNE2fL1S_400x400.jpg,382
1075466943166066690,dudalisboas,https://pbs.twimg.com/profile_images/1140298945349980160/Q4P3tOqm_400x400.jpg,608
238410645,monic4t,https://pbs.twimg.com/profile_images/1133148004389666822/HelfuNS5_400x400.jpg,681
54337535,majucoutinho,https://pbs.twimg.com/profile_images/786377742187126784/xcmerAWK_400x400.jpg,323
64791795,fiotioficial,https://pbs.twimg.com/profile_images/1123355216672432135/TaJZ3m6I_400x400.png,2366
27133902,6LACK,https://pbs.twimg.com/profile_images/1140309744474677248/Uwim66t5_400x400.jpg,1020
84377699,MP_RJ,https://pbs.twimg.com/profile_images/1123424253561528320/khrzP50t_400x400.jpg,329
765044437877661697,gcostacoelho,https://pbs.twimg.com/profile_images/1010005893310631937/HJzpA9GB_400x400.jpg,197
384831590,montebooker,https://pbs.twimg.com/profile_images/1139261856348950529/Hkis64c8_400x400.jpg,1046
180845750,karenpaiva1,https://pbs.twimg.com/profile_images/1141140260702830592/sxh_iOj-_400x400.jpg,183
4228776252,carols0usac,https://pbs.twimg.com/profile_images/1138450631151276035/-azwFwgH_400x400.jpg,262
3362441997,brumarrttins,https://pbs.twimg.com/profile_images/1135735490873909248/Lg_eT2aS_400x400.jpg,182
88485820,clarafborges,https://pbs.twimg.com/profile_images/918560245470941185/GT0PMTet_400x400.jpg,376
3098344661,QGdoSuarez,https://pbs.twimg.com/profile_images/1098325270954680320/iHEC1h-W_400x400.jpg,36
292383655,iFood,https://pbs.twimg.com/profile_images/887672393648414720/TVMqDVLD_400x400.jpg,12655
271535592,fearofgod,https://pbs.twimg.com/profile_images/1004005548226822145/F63eDKxY_400x400.jpg,0
2699105311,FamousDex,https://pbs.twimg.com/profile_images/1113248203967586305/tbRnscz5_400x400.jpg,9977
11912362,WORLDSTAR,https://pbs.twimg.com/profile_images/488738791511703552/cxf92nyL_400x400.png,3113
14629315,XXL,https://pbs.twimg.com/profile_images/476774260954771456/pR-suB70_400x400.jpeg,745
428484753,sheckwes,https://pbs.twimg.com/profile_images/1122330806720978944/B-bnC3rL_400x400.jpg,93
816412233488015360,lilbaby4PF,https://pbs.twimg.com/profile_images/1116363872460595201/-RMb_BRP_400x400.jpg,0
788759365859835906,1GunnaGunna,https://pbs.twimg.com/profile_images/1093636639375556608/36tlxkp8_400x400.jpg,35
1202130601,psol50,https://pbs.twimg.com/profile_images/1025350519886422016/jIuGnRRn_400x400.jpg,319
45870897,MarceloFreixo,https://pbs.twimg.com/profile_images/1092387628756975616/KHEG9Apb_400x400.jpg,725
111123176,jeanwyllys_real,https://pbs.twimg.com/profile_images/1057312251110146049/WA_Mzc5Y_400x400.jpg,758
573925984,A10imperador,https://pbs.twimg.com/profile_images/715004027977728001/XeS5vZ2i_400x400.jpg,25
19121855,LucasDcan,https://pbs.twimg.com/profile_images/1023814461029793792/2wffQkHw_400x400.jpg,53
2479861125,davidmirandario,https://pbs.twimg.com/profile_images/1072521321869926401/1kUAx9j9_400x400.jpg,671
966031547936792576,skinnyboy_jojo,https://pbs.twimg.com/profile_images/966036415925702656/T-wKq9-g_400x400.jpg,165
2249043324,adidasFballUS,https://pbs.twimg.com/profile_images/1141197926196105217/qAEOWeUc_400x400.jpg,497
861707648584085504,governodobrasil,https://pbs.twimg.com/profile_images/1130565663909720065/kPUqHfmA_400x400.png,248
3798476535,Luubsabreu,https://pbs.twimg.com/profile_images/1135933049705811968/d6OWhWIL_400x400.jpg,324
1317495384,jlo06,https://pbs.twimg.com/profile_images/1112104474263334913/SGYUcH0l_400x400.jpg,83
1057699639267352576,_iamddb,https://pbs.twimg.com/profile_images/1134700495405293568/GWSW480L_400x400.jpg,114
865001881277317120,kakaousado,https://pbs.twimg.com/profile_images/1134273335217577984/3ll61SjE_400x400.jpg,0
145067023,_MoniqueCorrea,https://pbs.twimg.com/profile_images/1129130292554403854/_UrsP5Ri_400x400.jpg,423
346282281,DaniLeigh,https://pbs.twimg.com/profile_images/1062040690618781697/yCtB5FT0_400x400.jpg,1936
1075062416831143937,godassisti,https://pbs.twimg.com/profile_images/1075068432742264832/8SrqdZQF_400x400.jpg,76
954036401775042566,ellaroc_,https://pbs.twimg.com/profile_images/1089396518438739968/wgkCw-7s_400x400.jpg,79
818261226069311489,kxrrency,https://pbs.twimg.com/profile_images/1138663662502240257/1O9E0X4X_400x400.jpg,427
1072652684124143616,AgnesNunes14,https://pbs.twimg.com/profile_images/1125041717386858496/GnD23GmF_400x400.jpg,28
40240813,MauricioRicardo,https://pbs.twimg.com/profile_images/1094952423804809216/fS9ycVSJ_400x400.jpg,691
1738734642,pqpsoaress,https://pbs.twimg.com/profile_images/1140939840927752192/YhlJAdx6_400x400.jpg,742
3558482962,Efipedotrembala,https://pbs.twimg.com/profile_images/1139643105513287682/18KKshM-_400x400.jpg,1110
1026241810992177153,antesdadesgra,https://pbs.twimg.com/profile_images/1055314911201501185/skJMqZLw_400x400.jpg,0
1074831153918554112,yanmour4,https://pbs.twimg.com/profile_images/1116530005864013824/tO4SMVRT_400x400.jpg,159
15502866,akawence,https://pbs.twimg.com/profile_images/1135196312637513728/nDiE_Paz_400x400.jpg,448
1044713708314939392,DenovOficial,https://pbs.twimg.com/profile_images/1123385297004302336/NXQJSS4n_400x400.jpg,42
25421094,Akon,https://pbs.twimg.com/profile_images/1029193158830088192/MdOE9qeE_400x400.jpg,48
1074367215015739392,dftranscorno,https://pbs.twimg.com/profile_images/1074367550543269888/45xL70ld_400x400.jpg,290
106562658,SangoBeats,https://pbs.twimg.com/profile_images/1141022343885516802/jfVBeVVj_400x400.jpg,1007
3071020474,BenincaDavid,https://pbs.twimg.com/profile_images/774695518857490433/0Qjig1PC_400x400.jpg,158
138141249,vinidelacrime,https://pbs.twimg.com/profile_images/1117517720319295488/LRzZZdCA_400x400.png,435
128372940,jairbolsonaro,https://pbs.twimg.com/profile_images/1057631480459886595/9VPdGJJz_400x400.jpg,345
1050972979683893249,mateusanasor,https://pbs.twimg.com/profile_images/1138446665650704384/sc6S5R4Q_400x400.jpg,236
830770925557657600,ludiasm,https://pbs.twimg.com/profile_images/1103849572676366337/CpMo6H7c_400x400.jpg,267
819745388643106816,alicehabka,https://pbs.twimg.com/profile_images/1141115594235928577/2xZ8G7te_400x400.jpg,409
837325460132487169,morennanna,https://pbs.twimg.com/profile_images/1129941588178808834/lRvmDuTf_400x400.jpg,178
17560096,S_C_,https://pbs.twimg.com/profile_images/586939808049532929/SqdbFgoQ_400x400.jpg,0
213021575,RodrigoCartier,https://pbs.twimg.com/profile_images/1123010728921849856/B5YDY5DA_400x400.jpg,93
1003618951270666240,claralimage,https://pbs.twimg.com/profile_images/1085851720490594304/xapLmvAP_400x400.jpg,50
213375593,robertbeats,https://pbs.twimg.com/profile_images/1042928624087851008/cGoa7c0u_400x400.jpg,195
949138489785774082,larissarchh,https://pbs.twimg.com/profile_images/1135679677861941248/b-iVicop_400x400.png,244
793002322834104320,leozinnoficial,https://pbs.twimg.com/profile_images/1138180998510915590/ClC0xRb5_400x400.jpg,183
3408757307,emiciduduu,https://pbs.twimg.com/profile_images/1125995939062267905/JqxSyFLK_400x400.jpg,2450
854888820,attlantabeat,https://pbs.twimg.com/profile_images/1098046433645735936/VrlNbHfB_400x400.jpg,101
1040786626371309569,lilfire666,https://pbs.twimg.com/profile_images/1134566543193513984/T9LmBCD1_400x400.jpg,103
26426132,jnflesch,https://pbs.twimg.com/profile_images/899335427001380864/WblXpeEy_400x400.jpg,594
996353709683740673,fbctadoido,https://pbs.twimg.com/profile_images/1114279799193784320/nhRovtAf_400x400.jpg,305
986665999574413312,blackbxd,https://pbs.twimg.com/profile_images/1042367146146385920/ZVaobLut_400x400.jpg,105
1357308644,OriginalDaPaz,https://pbs.twimg.com/profile_images/1128894746376720385/JU2yiI8A_400x400.jpg,227
150423306,RealSelecttaKBC,https://pbs.twimg.com/profile_images/1070012099185778688/qpc9-n8j_400x400.jpg,772
955588452996673536,6ix9ine,https://pbs.twimg.com/profile_images/1062563885897547776/vHT8d1Ga_400x400.jpg,7
36152770,marcosmion,https://pbs.twimg.com/profile_images/722038788625707008/cEOX98kc_400x400.jpg,631
33804533,FabioPorchat,https://pbs.twimg.com/profile_images/1052609953880510464/eSCBABSd_400x400.jpg,1036
14128609,felipeneto,https://pbs.twimg.com/profile_images/1092457207642419201/N0lUcni8_400x400.jpg,642
37425025,IagoSuarez,https://pbs.twimg.com/profile_images/1097614685703147522/Nw0tj16e_400x400.jpg,300
2097571,cnni,https://pbs.twimg.com/profile_images/926050400062631936/Rvynw19f_400x400.jpg,370
1047087319977742336,AMariagabriell,https://pbs.twimg.com/profile_images/1047090446160289792/J2PEpvhB_400x400.jpg,19
897770295188226048,kwellerrrr,https://pbs.twimg.com/profile_images/926809475306213376/xTthFuX4_400x400.jpg,138
837467117767262210,pexande,https://pbs.twimg.com/profile_images/1133058908438835201/GR1UicBH_400x400.jpg,521
894570317376606208,boricceli,https://pbs.twimg.com/profile_images/894574741272625153/jEKl4vHQ_400x400.jpg,14
976129699058475008,n_arashiro,https://pbs.twimg.com/profile_images/1135742422422609920/HrxPywK4_400x400.jpg,716
45409867,gugachacra,https://pbs.twimg.com/profile_images/997269922068623360/JOcHsBav_400x400.jpg,1541
2764416027,Jovemdex,https://pbs.twimg.com/profile_images/1113296387150684162/0_RKHbbQ_400x400.jpg,13
244491808,_tainaracosta,https://pbs.twimg.com/profile_images/1134073454892900354/ZRrlll0c_400x400.jpg,158
189801036,goSwaeLee,https://pbs.twimg.com/profile_images/970215557730467840/6J0TBbV2_400x400.jpg,369
2236633914,RaeSremmurd,https://pbs.twimg.com/profile_images/990994513593237504/j5x5r7wH_400x400.jpg,37
47290876,MikeWiLLMadeIt,https://pbs.twimg.com/profile_images/1118931718495510528/QLkVMT5g_400x400.jpg,501
61047667,MetroBoomin,https://pbs.twimg.com/profile_images/1140701782978547712/BbSRJiUE_400x400.jpg,2367
1049084929613520896,bolsoregrets,https://pbs.twimg.com/profile_images/1063585907285024768/v-wGT_XD_400x400.jpg,542
3513828149,1torvi,https://pbs.twimg.com/profile_images/1140807916846555137/I--hiwne_400x400.jpg,364
993581798918643715,afffcoutinho,https://pbs.twimg.com/profile_images/1137818693373767682/j3DFB5Wt_400x400.jpg,160
735778272,xbrunaxz,https://pbs.twimg.com/profile_images/1135701070594936833/CdMl4k1R_400x400.jpg,332
224071101,felipevscl,https://pbs.twimg.com/profile_images/1136291542371409920/PGEf9eaQ_400x400.jpg,156
175162383,susanocorreia,https://pbs.twimg.com/profile_images/1136681008743550978/lzxKd1VZ_400x400.png,85
1029929361485516800,Art_Relatable,https://pbs.twimg.com/profile_images/1036299393316605952/zjYvB-D__400x400.jpg,10
715426594689589248,africanize_,https://pbs.twimg.com/profile_images/1118674334002839553/GivlJOpM_400x400.jpg,69
783869103157149696,jadebaraldo,https://pbs.twimg.com/profile_images/1133201305432989697/beA8CpGR_400x400.jpg,461
728918606,rogerwaters,https://pbs.twimg.com/profile_images/1086653124499070977/yoZudnGM_400x400.jpg,13
76369002,EstadaoPolitica,https://pbs.twimg.com/profile_images/763083512765349888/TMBCOlDj_400x400.jpg,419
1012867184874393602,digneco,https://pbs.twimg.com/profile_images/1036283822491557895/Eg-mz5IY_400x400.jpg,189
579254704,ThugTrickStore,https://pbs.twimg.com/profile_images/822866261227016194/7GWRxya4_400x400.jpg,34
19923144,NBA,https://pbs.twimg.com/profile_images/921248739746033665/cjBVcCJG_400x400.jpg,1717
23083404,KingJames,https://pbs.twimg.com/profile_images/1010862750401253377/Rof4XuYC_400x400.jpg,186
443202788,NikeLA,https://pbs.twimg.com/profile_images/1111735713358204928/IltkR6Vn_400x400.jpg,48
5885732,nikebasketball,https://pbs.twimg.com/profile_images/961730047550738432/-6XyYS7p_400x400.jpg,352
1040391683953909760,nofiafogueira,https://pbs.twimg.com/profile_images/1040408249881767936/mAjDN3BM_400x400.jpg,96
1018656752252973057,_terin20,https://pbs.twimg.com/profile_images/1058764842771845121/8D5Hf__q_400x400.jpg,184
1008005075011325953,SuassunaTom,https://pbs.twimg.com/profile_images/1042375773632557056/-_v1uel0_400x400.jpg,112
444913649,NikeNYC,https://pbs.twimg.com/profile_images/953781692598181888/ApBaa95y_400x400.jpg,21
39273753,endclothing,https://pbs.twimg.com/profile_images/798835796023255040/93eYyzoW_400x400.jpg,435
377082410,KITH,https://pbs.twimg.com/profile_images/636546247650902016/q8cd6nm8_400x400.jpg,52
82979341,Stussy,https://pbs.twimg.com/profile_images/1092867597853282305/U84-SWu7_400x400.jpg,14
21701757,GQMagazine,https://pbs.twimg.com/profile_images/1084883526384869376/Gdm_hxUL_400x400.jpg,788
198975780,Jumpman23,https://pbs.twimg.com/profile_images/956325201054113792/MLcVGcjo_400x400.jpg,118
243165626,ComplexSneakers,https://pbs.twimg.com/profile_images/876817227294670848/BKSeuF_b_400x400.jpg,1109
16180874,SneakerNews,https://pbs.twimg.com/profile_images/2636341134/cb6cedf497272fd81ba826af6182d96b_400x400.png,158
217304384,BAPEOFFICIAL,https://pbs.twimg.com/profile_images/875632177030979584/AyuhoxTz_400x400.jpg,3
136361303,voguemagazine,https://pbs.twimg.com/profile_images/949349571087536129/jClOJzBv_400x400.jpg,525
19203998,UNDEFEATEDinc,https://pbs.twimg.com/profile_images/3186393500/eddb2592d689f63963150b01c98cc443_400x400.jpeg,25196
18647765,CalvinKlein,https://pbs.twimg.com/profile_images/889490770687905792/N8mVqffO_400x400.jpg,240
348379865,Dior,https://pbs.twimg.com/profile_images/1051789365205196800/Sr3MjjXc_400x400.jpg,144
18173624,DCComics,https://pbs.twimg.com/profile_images/732600258019000320/ul3A_R7i_400x400.jpg,533
78021221,armani,https://pbs.twimg.com/profile_images/1072771645016821760/qvwEFahG_400x400.jpg,221
85772748,dolcegabbana,https://pbs.twimg.com/profile_images/717040015893798915/j0kzSa9P_400x400.jpg,415
119463782,hypebeastmusic,https://pbs.twimg.com/profile_images/961988496079679488/F0sZGUbj_400x400.jpg,282
72568426,Versace,https://pbs.twimg.com/profile_images/1098522406866554880/A4Si5Yn__400x400.jpg,469
15687962,Marvel,https://pbs.twimg.com/profile_images/573984336271122432/k8vEBoCW_400x400.jpeg,780
47786101,RobertDowneyJr,https://pbs.twimg.com/profile_images/712016346775564289/ajnm_P3F_400x400.jpg,61
750751206427860992,MarvelStudios,https://pbs.twimg.com/profile_images/791852580632604672/1BIDSxyC_400x400.jpg,82
3355313961,Russo_Brothers,https://pbs.twimg.com/profile_images/1103737634084384768/EdDkPLi__400x400.jpg,39
47578715,scottderrickson,https://pbs.twimg.com/profile_images/1102292132864262144/NcWyMHMc_400x400.jpg,1247
50297036,iamralphthekid,https://pbs.twimg.com/profile_images/1134911141099036672/GxRF9Ntk_400x400.jpg,49
1015701885939015680,mafe_mirand,https://pbs.twimg.com/profile_images/1141488477122572291/v2Jp3LjU_400x400.jpg,370
366560703,celo1st,https://pbs.twimg.com/profile_images/1138152092206620673/6MMuFFSU_400x400.jpg,314
252310048,duudu_gomes,https://pbs.twimg.com/profile_images/965114193065267200/k03RlSGs_400x400.jpg,221
95955871,gunsnroses,https://pbs.twimg.com/profile_images/885491686327169024/ufh03Wmg_400x400.jpg,41
50184013,asvpxrocky,https://pbs.twimg.com/profile_images/1090360662272950272/X-W3yeK7_400x400.jpg,350
21845792,virgilabloh,https://pbs.twimg.com/profile_images/918960289898430464/xWXpqG9H_400x400.jpg,1975
1438969724,nanaapanyin,https://pbs.twimg.com/profile_images/1090858660035772417/J9QfM--n_400x400.jpg,492
18286505,HYPEBEAST,https://pbs.twimg.com/profile_images/961947408862253056/I92WC-7U_400x400.jpg,99
354095556,Haddad_Fernando,https://pbs.twimg.com/profile_images/1059241482710929410/7jU0V1mA_400x400.jpg,321
1036484904480006145,larycanudes,https://pbs.twimg.com/profile_images/1039301162552385536/_yz3pN-j_400x400.jpg,112
1036770944168194048,rolealeatorio,https://pbs.twimg.com/profile_images/1049338548535660549/jll396VZ_400x400.jpg,54
45055696,Kaepernick7,https://pbs.twimg.com/profile_images/861270323680997376/uAnM86ui_400x400.jpg,177
2771799375,alinesylva31,https://pbs.twimg.com/profile_images/1108349312700989440/hnjxxzqJ_400x400.jpg,8462
2961247823,Souzalivs_,https://pbs.twimg.com/profile_images/1141504852515872768/QEuh8mna_400x400.jpg,1073
19795386,umusicbrasil,https://pbs.twimg.com/profile_images/1074667420843945985/E-GB2Z-x_400x400.jpg,1246
1725137533,KMbappe,https://pbs.twimg.com/profile_images/1136606507737460736/1Bd744YB_400x400.jpg,97
852290414421913600,FellipeEscudero,https://pbs.twimg.com/profile_images/925362924704747525/aB17zvr0_400x400.jpg,21
762402774260875265,GuilhermeBoulos,https://pbs.twimg.com/profile_images/1136130945734578176/kikBnGim_400x400.jpg,342
24275419,therealjuicyj,https://pbs.twimg.com/profile_images/1091216288905658368/sawMEKgh_400x400.jpg,1588
101263750,playboicarti,https://pbs.twimg.com/profile_images/1097686907377586177/LBSurNah_400x400.jpg,17
441115772,1YoungTakeoff,https://pbs.twimg.com/profile_images/1081752043151212544/weffWLDi_400x400.jpg,398
805519348198567936,lilxanfuhyobih,https://pbs.twimg.com/profile_images/1124179291795673088/Kd-tjP5P_400x400.jpg,496
92860137,richthekid,https://pbs.twimg.com/profile_images/1139633282335662081/OtRBzJWt_400x400.jpg,106
2163267319,KodakBlack1k,https://pbs.twimg.com/profile_images/1070428973014888462/EX3wr9gW_400x400.jpg,565
1599608046,LILUZIVERT,https://pbs.twimg.com/profile_images/932392853573132288/fVjY-WqZ_400x400.jpg,25
1929686113,trippieredd,https://pbs.twimg.com/profile_images/1134639505883820033/tGnKBGF4_400x400.png,15
4827334210,LilSkies,https://pbs.twimg.com/profile_images/1118736685322383360/H_7h01Jx_400x400.jpg,10
175198393,lilyachty,https://pbs.twimg.com/profile_images/1102863666007949313/Y7AGiJ3Q_400x400.jpg,973
4842836121,phx90,https://pbs.twimg.com/profile_images/1054717483918213120/Nxe1_vjv_400x400.jpg,15438
156273361,kokzviana,https://pbs.twimg.com/profile_images/1015704165467770881/XRrDs9BC_400x400.jpg,379
773262321946857474,lamariart,https://pbs.twimg.com/profile_images/1135284262486233088/ACR4ACiz_400x400.png,275
1023397149629927424,hodarioficial,https://pbs.twimg.com/profile_images/1023398109152460800/CPOhJ6Rk_400x400.jpg,66
243163874,ComplexMusic,https://pbs.twimg.com/profile_images/876840426128453632/bJE0cJIa_400x400.jpg,965
895654802,oficialduzz,https://pbs.twimg.com/profile_images/1140814274702520320/fAFQBJxL_400x400.png,158
894962044709064705,sagazeando,https://pbs.twimg.com/profile_images/1134665337880887296/duwJWRA8_400x400.jpg,3
1022488482357366785,twiteph,https://pbs.twimg.com/profile_images/1134120331407515648/OP8mequQ_400x400.jpg,363
788739866830004224,Nauak,https://pbs.twimg.com/profile_images/1129850819548000258/aE4OF_Ar_400x400.png,299
259922222,hadoucken,https://pbs.twimg.com/profile_images/958141759476858880/IAA-2mLr_400x400.jpg,199
629858693,mateusfilipi1,https://pbs.twimg.com/profile_images/1135577977775886336/Tikq28jr_400x400.jpg,107
708649801840205825,vxnxms,https://pbs.twimg.com/profile_images/1007312392798326784/bk9U-ZmJ_400x400.jpg,272
225322099,aulad777,https://pbs.twimg.com/profile_images/1139663983806427136/0XKUrQOy_400x400.png,113
732917832619548672,PrettyCyro,https://pbs.twimg.com/profile_images/1066815397108826115/JKfxMBo3_400x400.jpg,137
878971472617799681,Konai,https://pbs.twimg.com/profile_images/1076868460465000453/6BTR1l42_400x400.jpg,463
256883252,sza,https://pbs.twimg.com/profile_images/1118937900601597952/hZeySUML_400x400.jpg,524
866953267,iamcardib,https://pbs.twimg.com/profile_images/1134311139834073088/78sn72Oq_400x400.jpg,151
338084918,Pharrell,https://pbs.twimg.com/profile_images/1109139041809620992/doPKl9zd_400x400.png,1056
27673684,djkhaled,https://pbs.twimg.com/profile_images/1129254673209339905/hMI9TU58_400x400.png,2078
181572333,chancetherapper,https://pbs.twimg.com/profile_images/1135599831181930496/NJz0_snm_400x400.jpg,2885
960636336297390080,marceloducafi,https://pbs.twimg.com/profile_images/960638420740706304/U6PjTrmA_400x400.jpg,206
65122258,yudihayakawa,https://pbs.twimg.com/profile_images/1112049624825630720/OP1ghcEb_400x400.jpg,252
375320571,sarahardel,https://pbs.twimg.com/profile_images/1141203308427825152/YU8sKyfh_400x400.jpg,317
824792802634637312,__geovannadr,https://pbs.twimg.com/profile_images/1141560660133912586/Z0hXliHM_400x400.jpg,3533
1524689467,desimpedidos,https://pbs.twimg.com/profile_images/1138148444453969922/IK6H5atA_400x400.png,646
181280529,Casemiro,https://pbs.twimg.com/profile_images/1025331713642250240/EpbtrihI_400x400.jpg,201
53971402,Caco_Grandino,https://pbs.twimg.com/profile_images/738414928529371137/K4_ZsWqS_400x400.jpg,713
56225100,daniel_weksler,https://pbs.twimg.com/profile_images/1119435450136125440/DG1Tm10__400x400.jpg,253
54384394,DiFerrero,https://pbs.twimg.com/profile_images/1068493167811600384/xhtLXqKZ_400x400.jpg,749
31083235,geerocha,https://pbs.twimg.com/profile_images/1100566858669981701/2wNy-GdH_400x400.png,136
980926881116643328,giferrc,https://pbs.twimg.com/profile_images/1140433962436894721/2hbLGFuO_400x400.jpg,245
197453955,wcasagrandejr,https://pbs.twimg.com/profile_images/1100081326605123589/WeLhnx7D_400x400.png,208
260114837,21savage,https://pbs.twimg.com/profile_images/1076132194924576769/IYs4B8Wu_400x400.jpg,12
44084633,LouisVuitton,https://pbs.twimg.com/profile_images/744891970380767232/jum1SDsC_400x400.jpg,13
528168771,rebecagouvea,https://pbs.twimg.com/profile_images/1113098215010811905/bjLEx1oh_400x400.jpg,641
68182262,mateusasato,https://pbs.twimg.com/profile_images/1135509605969211393/z7n2qKeZ_400x400.jpg,429
177250028,mcguime,https://pbs.twimg.com/profile_images/1138093857109921793/sGuGuo0__400x400.jpg,712
3307539431,NegodoBorel,https://pbs.twimg.com/profile_images/1088515076129259520/PyYEcQzS_400x400.jpg,153
801874623176511488,IzaReal,https://pbs.twimg.com/profile_images/1114983498715209728/chzmKZwP_400x400.png,394
846369751,Ludmilla,https://pbs.twimg.com/profile_images/1140964268612997121/fFEtH6pc_400x400.jpg,536
21054053,emicida,https://pbs.twimg.com/profile_images/1140653744859865088/bioSgIFY_400x400.jpg,2125
117275684,Karolconka,https://pbs.twimg.com/profile_images/1093516167254368256/tW2XZjz__400x400.jpg,452
1003288866357436418,CampinenseB,https://pbs.twimg.com/profile_images/1006285382034644992/JzhSRwGv_400x400.jpg,67
153899897,augustohvc_,https://pbs.twimg.com/profile_images/990980318776713216/4GZTzo1u_400x400.jpg,661
884835528293720064,simasdougras,https://pbs.twimg.com/profile_images/905117161433292801/riFN9NuU_400x400.jpg,39
1559685464,anakarools,https://pbs.twimg.com/profile_images/1140614958255919107/ZFOSijmk_400x400.jpg,691
3237638098,milennxbm,https://pbs.twimg.com/profile_images/1132921640705298433/R5honk5a_400x400.jpg,558
936305936439881730,felipesantzu,https://pbs.twimg.com/profile_images/1111505182796451840/s0JaUz-X_400x400.jpg,129
1666617103,chavedcadeia,https://pbs.twimg.com/profile_images/1133558002844405766/s0z_xeCO_400x400.jpg,275
436693365,DolarBipolar,https://pbs.twimg.com/profile_images/594163195255861248/mddIyruD_400x400.png,354
163881043,drikbarbosa,https://pbs.twimg.com/profile_images/1128372182659284992/Ow2sZtIG_400x400.jpg,848
996380384588980224,jademonho,https://abs.twimg.com/sticky/default_profile_images/default_profile_400x400.png,337
1158349478,maricrdd,https://pbs.twimg.com/profile_images/1138422989391826945/RSRiXaUB_400x400.jpg,716
978844777901887489,djongadorge,https://pbs.twimg.com/profile_images/1104175912306778112/v9w__4ye_400x400.jpg,1
3818167217,geeovanaap,https://pbs.twimg.com/profile_images/1042378628661633024/oDn9t57M_400x400.jpg,528
81419682,npsidoka,https://pbs.twimg.com/profile_images/1126383829890019329/EZa207LB_400x400.jpg,1259
75974281,SamuelLJackson,https://pbs.twimg.com/profile_images/742877069793742848/c0Ec2mTU_400x400.jpg,873
27042513,RealHughJackman,https://pbs.twimg.com/profile_images/843511681905033216/uK-HR5g1_400x400.jpg,11
2893511188,VancityReynolds,https://pbs.twimg.com/profile_images/741703039355064320/ClVbjlG-_400x400.jpg,467
241382835,prattprattpratt,https://pbs.twimg.com/profile_images/1134309726995435521/VLYyNTuo_400x400.jpg,453
3063032281,chrishemsworth,https://pbs.twimg.com/profile_images/728317690373353477/ZiVQDrEl_400x400.jpg,107
2715115656,Renner4Real,https://pbs.twimg.com/profile_images/603945839795412992/XTssKbRC_400x400.jpg,489
580097412,ChrisEvans,https://pbs.twimg.com/profile_images/1036007653774897152/qLFD44NH_400x400.jpg,489
65289126,TheRealStanLee,https://pbs.twimg.com/profile_images/1018943227791982592/URnaMrya_400x400.jpg,316
25365536,KimKardashian,https://pbs.twimg.com/profile_images/1044786302443372544/3bIbMHgS_400x400.jpg,146
762298175944351744,laurinhaaa_U,https://pbs.twimg.com/profile_images/1140333132090105863/AJnnqncl_400x400.jpg,530
10925832,marcelohessel,https://pbs.twimg.com/profile_images/604016376706134017/F1XGKZDf_400x400.jpg,193
965741665,Pontifex_pt,https://pbs.twimg.com/profile_images/507821121211596802/qZA8NDFU_400x400.jpeg,8
41191715,ramos_leandro,https://pbs.twimg.com/profile_images/1096786422013538305/JIOB264Z_400x400.jpg,832
3247054537,caitomainier,https://pbs.twimg.com/profile_images/1137694926274273280/x6_o_Nh7_400x400.png,30524
27695856,thiagoromariz,https://pbs.twimg.com/profile_images/993121979757748231/qXLhVrwa_400x400.jpg,882
1224860006,DanielSFurlan,https://pbs.twimg.com/profile_images/1100183217137692672/bj-tOhhd_400x400.png,481
64000718,TVQuase,https://pbs.twimg.com/profile_images/1023306954435960832/_reyi5yC_400x400.jpg,835
913812620,PostMalone,https://pbs.twimg.com/profile_images/1077070062622781440/hz9nyk_v_400x400.jpg,2948
375539328,_Kayua,https://pbs.twimg.com/profile_images/1120552449125830656/HbGtsmi7_400x400.jpg,79
526765568,_FatNick,https://pbs.twimg.com/profile_images/1047727050562330624/rRD0dpVu_400x400.jpg,861
283230411,QuebrandoOTabu,https://pbs.twimg.com/profile_images/965288877270470662/o6R48tXm_400x400.jpg,231
302789071,postmalote,https://pbs.twimg.com/profile_images/1136829428816891907/ze5o1H9k_400x400.jpg,185
1421814782,1993desgosto,https://pbs.twimg.com/profile_images/1086022181128208390/fbl27w71_400x400.jpg,530
49315012,lucasfresno,https://pbs.twimg.com/profile_images/1139566621071224832/lFZqWs1R_400x400.jpg,892
2670726740,LulaOficial,https://pbs.twimg.com/profile_images/1056865819530063872/ZnHn4dgf_400x400.jpg,595
1390520113,OffWht,https://pbs.twimg.com/profile_images/754698454048333824/4_qIgUhO_400x400.jpg,0
266230592,raulchequer,https://pbs.twimg.com/profile_images/800925111373205504/kh9JKoWJ_400x400.jpg,127
1330519272,IrmaDoAndre,https://pbs.twimg.com/profile_images/1141418153647456256/5kqfubsv_400x400.jpg,245
846188893871464448,solverisoficial,https://pbs.twimg.com/profile_images/1098320780318916615/lxNNq8HT_400x400.jpg,5
864520172543115265,hotwiu30,https://pbs.twimg.com/profile_images/1132771772573671426/kowdmQOH_400x400.jpg,51
889499825464541184,CeiaEnt,https://pbs.twimg.com/profile_images/1002202510302511104/STDIQ-k-_400x400.jpg,11
60488724,DjCaiqueOficial,https://pbs.twimg.com/profile_images/1064832406161711105/WY7MCEM9_400x400.jpg,332
968799607,LaisTardin,https://pbs.twimg.com/profile_images/1125193853215170560/9xEjRFXU_400x400.jpg,783
3234014139,joutfuckinjout,https://pbs.twimg.com/profile_images/595306033192505346/ZiqiaOPV_400x400.png,27
4462394795,christies_m,https://pbs.twimg.com/profile_images/1136767804009570306/5-8GDCKe_400x400.jpg,304
33697419,JBLaudio,https://pbs.twimg.com/profile_images/1113546207035568128/ZHmtJzTS_400x400.png,1093
851990537351692289,ProcedePlanalta,https://pbs.twimg.com/profile_images/965366799125630976/Argzvd0d_400x400.jpg,265
352129069,Pouyalilpou,https://pbs.twimg.com/profile_images/1134471068784050176/VajOdlvf_400x400.png,6
932358887814070273,AkaRastaOficial,https://pbs.twimg.com/profile_images/1141011220524412928/yU_q2AMR_400x400.jpg,49
920458637939826690,dxmscxn,https://pbs.twimg.com/profile_images/1140281485192257537/gv-cTo17_400x400.jpg,99
46306646,jadapsmith,https://pbs.twimg.com/profile_images/1125422650589888513/p4PEwh0N_400x400.jpg,204
1485583604,layzadutra,https://pbs.twimg.com/profile_images/1124303606843367425/uPaWSySO_400x400.jpg,745
961310870637858816,bruna44444,https://pbs.twimg.com/profile_images/1139759974056386562/iXnaXrB7_400x400.jpg,425
131969787,izabelag444,https://pbs.twimg.com/profile_images/866473121603178496/PUGigX_w_400x400.jpg,289
166768461,ONErpmbr,https://pbs.twimg.com/profile_images/1139184312467755008/QUoE3mom_400x400.png,1275
858109297,Lucas_Malak,https://pbs.twimg.com/profile_images/1000669120298405888/RCml9c78_400x400.jpg,230
236699098,KylieJenner,https://pbs.twimg.com/profile_images/1114924576679424000/budLZeGp_400x400.jpg,1098
13049362,Complex,https://pbs.twimg.com/profile_images/839858358920310785/JVgCbSHx_400x400.jpg,666
2787259911,kevinho,https://pbs.twimg.com/profile_images/1136120110488461312/CGhF3RT9_400x400.png,49
4253804921,reismargem,https://pbs.twimg.com/profile_images/1080556964638347264/vRnUXFfR_400x400.jpg,444
4824447749,lucassspike,https://pbs.twimg.com/profile_images/1096490223888928770/YtEBgQMu_400x400.jpg,341
